{"bias": {"accuracy": 0.9050505050505051, "precision": 0.9205020920502092, "recall": 0.8870967741935484, "f1_score": 0.9034907597535933}, "eddy_FA": {"accuracy": 0.8909090909090909, "precision": 0.9292035398230089, "recall": 0.8467741935483871, "f1_score": 0.8860759493670886}, "eddy_L1": {"accuracy": 0.8747474747474747, "precision": 0.8842975206611571, "recall": 0.8629032258064516, "f1_score": 0.8734693877551021}, "eddy_L2": {"accuracy": 0.8848484848484849, "precision": 0.8374558303886925, "recall": 0.9556451612903226, "f1_score": 0.8926553672316384}, "eddy_L3": {"accuracy": 0.8484848484848485, "precision": 0.909952606635071, "recall": 0.7741935483870968, "f1_score": 0.8366013071895425}, "eddy_MD": {"accuracy": 0.8808080808080808, "precision": 0.8795180722891566, "recall": 0.8830645161290323, "f1_score": 0.8812877263581488}, "misc": {"accuracy": 0.8828282828282829, "precision": 0.9279279279279279, "recall": 0.8306451612903226, "f1_score": 0.8765957446808511}, "parenchyma_segmentation": {"accuracy": 0.8949494949494949, "precision": 0.9083333333333333, "recall": 0.8790322580645161, "f1_score": 0.8934426229508197}, "segmentation": {"accuracy": 0.9090909090909091, "precision": 0.8949416342412452, "recall": 0.9274193548387096, "f1_score": 0.9108910891089109}}