{"accuracy": 0.8653198653198653, "precision": 0.837160751565762, "recall": 0.9051918735891648, "f1_score": 0.8698481561822125}