{"accuracy": 0.7326732673267327, "precision": 0.6551724137931034, "recall": 0.8444444444444444, "f1_score": 0.7378640776699029}